# THE BY-NAME CLAIM CENSUS -- clause 3 of S5's exit gate, built by slice S6 2026-08-27.
#
# WHAT IT IS FOR, in the exit gate's own words: "so a mechanism that quietly loses its
# claim in translation is visible as a MISSING ROW rather than as a smaller number."
# The Python biosphere suite is deleted by this slice's successor; this file is the record
# of what each of its claims became, one row per test FUNCTION, and it outlives its input.
#
# HOW IT WAS BUILT -- extracted, not read. Both rosters come from disk (455 `def test_*`
# across S5's twenty files; every `#[test] fn` AND every `gate <name> {` in the eleven
# biosphere surfaces). Dispositions come, in priority order, from: an S6 override list
# (evidence `S6`, and only where this slice measurably falsified an earlier one); the
# REFERENCE'S OWN docstrings, where a Rust test names the Python test it mirrors (evidence
# `docstring`); the plan's authored disposition tables (evidence: the section that wrote
# them); and rules written by S6 for the remainder (evidence `S6`). A Python test matched
# by none of the four is a hard error in the generator, which is what makes this an
# expansion rather than a transcription -- a coverage table built by READING cannot see
# its own omissions, and this repo has been bitten by that twice.
#
# THE DENOMINATOR, decided once and stated here. `science.rs`, `flows.rs`, `params.rs` and
# `system.rs` are the four surfaces S5 landed on: every test in them must be CLAIMED, by a
# `P` row that names it or by an `A` row that declares it. The other seven surfaces are
# claimable but not required, because they descend from Python files outside S5's twenty.
#
# WHAT AN `A` ROW MEANS: a Rust test no Python claim maps to. `outside-the-20` is derived
# from the test's own doc block, or from the plan's port-coverage table where a whole
# surface descends from one file. `no-ancestor-named` is a claim the reference makes that
# the Python biosphere suite never made -- additional coverage, not a translation.
#
# ⚠ THIS FILE IS A FORCING FUNCTION AND THAT COSTS SOMETHING. `claim_census.rs` pins the
# row counts and the `open`+`S6` count as literals, so a new biosphere test reddens the
# census until it is declared here. That is the point, not friction to be removed: the
# same shape `param_files`/`the_census_matches_the_directory_on_disk` already uses.
#
# P<TAB>python_file<TAB>python_test<TAB>disposition<TAB>evidence<TAB>successors
# A<TAB>rust_file<TAB>rust_test<TAB>tag<TAB>ancestors
#
# DISPOSITIONS
#   ported          a Rust test carries the claim
#   owned           pre-existing Rust coverage, from the Phase-7 port or an earlier slice
#   folded          subsumed by a different and usually stronger mechanism
#   compiler        enforced by the type system or by `include_str!`, harder than a test
#   engine          enforced by the engine itself (`assert_conserved` runs every step)
#   boundary        owned one layer down, at the param-file boundary crate: its schema
#                   check, its exact-string unit guard, its required `{value, unit, source}`
#   decided-out     no successor, by a RECORDED port decision (science.rs's module header)
#   no-subject      the subject was never built here: design records, refused branches,
#                   and constructions that exist only inside the Python test file
#   retired-subject the subject existed in the reference and was DELETED
#   python-only     the subject is the Python tree itself; it dies with it
#   open            no successor and no decision -- a gap, carried forward
P	test_photosynthesis.py	test_rubisco_limited_rate_known_value	ported	docstring	rubisco_limited_rate_is_the_hand_computed_fvcb_value
P	test_photosynthesis.py	test_electron_transport_rate_known_value	ported	S6	electron_transport_is_the_smaller_root_and_saturates_below_jmax
P	test_photosynthesis.py	test_electron_transport_zero_par_is_zero	ported	S6	electron_transport_is_the_smaller_root_and_saturates_below_jmax
P	test_photosynthesis.py	test_electron_transport_saturates_to_jmax	ported	S6	electron_transport_is_the_smaller_root_and_saturates_below_jmax
P	test_photosynthesis.py	test_light_limited_rate_known_value	ported	docstring	light_limited_rate_is_the_hand_computed_value
P	test_photosynthesis.py	test_gross_leaf_assimilation_is_the_co_limited_min	ported	S6	gross_leaf_assimilation_is_the_co_limited_minimum
P	test_photosynthesis.py	test_gross_leaf_assimilation_clamps_at_or_below_gamma_star	ported	S6	gross_leaf_assimilation_clamps_at_or_below_the_compensation_point
P	test_photosynthesis.py	test_gross_leaf_assimilation_zero_par_is_zero	ported	S6	gross_leaf_assimilation_is_monotone_increasing_in_par
P	test_photosynthesis.py	test_gross_leaf_assimilation_monotone_increasing_in_par	ported	S6	gross_leaf_assimilation_is_monotone_increasing_in_par
P	test_photosynthesis.py	test_temperature_factor_cardinal_points	ported	S6	the_temperature_factor_hits_all_nine_cardinal_points
P	test_photosynthesis.py	test_canopy_assimilation_known_value	ported	docstring	canopy_assimilation_is_the_hand_composed_daily_flux
P	test_photosynthesis.py	test_canopy_assimilation_temperature_halves_at_ramp_midpoint	ported	S6	canopy_assimilation_scales_exactly_with_the_temperature_factor
P	test_photosynthesis.py	test_canopy_assimilation_zero_lai_is_zero	ported	S6	canopy_assimilation_vanishes_smoothly_as_lai_goes_to_zero
P	test_photosynthesis.py	test_canopy_assimilation_finite_in_small_lai_limit	ported	S6	canopy_assimilation_vanishes_smoothly_as_lai_goes_to_zero
P	test_photosynthesis.py	test_canopy_assimilation_rejects_non_positive_ground_area	decided-out	S6	-
P	test_photosynthesis.py	test_canopy_assimilation_rejects_non_positive_window	decided-out	S6	-
P	test_photosynthesis.py	test_photosynthesis_params_file_exists	compiler	S6	-
P	test_photosynthesis.py	test_load_photosynthesis_params_matches_committed_values	owned	S6	every_value_matches_the_generated_table
P	test_photosynthesis.py	test_photo_loader_round_trips_a_valid_file	folded	S6	loads_all_groups_and_the_partition_table
P	test_photosynthesis.py	test_photo_loader_rejects_a_wrong_unit	boundary	S6	-
P	test_photosynthesis.py	test_photo_loader_rejects_non_positive_kinetics	ported	S6	the_three_seamless_loaders_bounds_are_each_rejected_at_their_own_shape
P	test_photosynthesis.py	test_photo_loader_rejects_out_of_unit_interval	ported	S6	the_three_seamless_loaders_bounds_are_each_rejected_at_their_own_shape
P	test_photosynthesis.py	test_photo_loader_rejects_bad_cardinal_temperatures	ported	S6	the_three_seamless_loaders_bounds_are_each_rejected_at_their_own_shape
P	test_photosynthesis.py	test_photo_loader_rejects_a_missing_source	boundary	S6	-
P	test_photosynthesis.py	test_photo_loader_rejects_an_unknown_field	boundary	S6	-
P	test_canopy.py	test_intercepted_fraction_known_values	retired-subject	S6	the_depth_quadrature_conserves_photons_against_beer_lambert
P	test_canopy.py	test_intercepted_fraction_zero_lai_is_zero	retired-subject	S6	the_depth_quadrature_conserves_photons_against_beer_lambert
P	test_canopy.py	test_intercepted_fraction_saturates_to_one	retired-subject	S6	the_depth_quadrature_conserves_photons_against_beer_lambert
P	test_canopy.py	test_intercepted_fraction_monotone_increasing_in_lai	retired-subject	S6	the_depth_quadrature_conserves_photons_against_beer_lambert
P	test_canopy.py	test_leaf_area_index_known_value	ported	S6	leaf_area_index_is_carbon_times_sla_over_ground
P	test_canopy.py	test_leaf_area_index_zero_carbon_is_zero	ported	S6	leaf_area_index_is_carbon_times_sla_over_ground
P	test_canopy.py	test_leaf_area_index_scales_inversely_with_ground_area	ported	S6	leaf_area_index_is_carbon_times_sla_over_ground
P	test_canopy.py	test_leaf_area_index_rejects_non_positive_ground_area	decided-out	S6	-
P	test_canopy.py	test_canopy_diagnostic_composes	ported	S6	canopy_assimilation_is_the_hand_composed_daily_flux
P	test_canopy.py	test_convert_identity	python-only	S6	-
P	test_canopy.py	test_convert_compatible_unit	python-only	S6	-
P	test_canopy.py	test_convert_rejects_incompatible_or_unparseable	python-only	S6	-
P	test_canopy.py	test_canopy_params_file_exists	compiler	S6	-
P	test_canopy.py	test_load_canopy_params_folds_sla_to_per_mol_c	owned	S6	every_value_matches_the_generated_table
P	test_canopy.py	test_canopy_loader_round_trips_a_valid_file	folded	S6	loads_all_groups_and_the_partition_table
P	test_canopy.py	test_canopy_loader_converts_a_non_canonical_sla_unit	python-only	S6	-
P	test_canopy.py	test_canopy_loader_rejects_a_dimensionally_wrong_sla	boundary	S6	-
P	test_canopy.py	test_canopy_loader_rejects_a_non_positive_sla	ported	S6	the_three_seamless_loaders_bounds_are_each_rejected_at_their_own_shape
P	test_canopy.py	test_canopy_loader_rejects_a_bad_carbon_fraction	ported	S6	the_three_seamless_loaders_bounds_are_each_rejected_at_their_own_shape
P	test_canopy.py	test_canopy_loader_rejects_a_non_positive_extinction_coef	ported	S6	the_three_seamless_loaders_bounds_are_each_rejected_at_their_own_shape
P	test_canopy.py	test_canopy_loader_rejects_an_unknown_field	boundary	S6	-
P	test_canopy.py	test_canopy_loader_rejects_a_missing_field	boundary	S6	-
P	test_canopy.py	test_canopy_loader_rejects_a_param_missing_its_source	boundary	S6	-
P	test_gas_exchange.py	test_allocation_releases_o2_equal_to_carbon_fixed	ported	docstring	allocation_releases_one_oxygen_per_carbon_fixed_across_all_four_organs
P	test_gas_exchange.py	test_allocation_balances_carbon_and_oxygen	ported	docstring	every_gas_flow_balances_carbon_and_oxygen_leg_by_leg
P	test_gas_exchange.py	test_allocation_storage_carbon_releases_o2_too	ported	docstring	allocation_releases_one_oxygen_per_carbon_fixed_across_all_four_organs
P	test_gas_exchange.py	test_allocation_open_field_has_no_o2_leg	ported	docstring	allocation_in_the_open_field_emits_no_oxygen_leg
P	test_gas_exchange.py	test_maintenance_closed_burns_biomass_to_co2_consuming_o2	ported	docstring	sealed_maintenance_burns_organs_to_co2_and_consumes_oxygen_one_for_one
P	test_gas_exchange.py	test_maintenance_closed_balances_carbon_and_oxygen	ported	docstring	every_gas_flow_balances_carbon_and_oxygen_leg_by_leg
P	test_gas_exchange.py	test_maintenance_closed_partial_deficit_balances	ported	docstring	sealed_maintenance_burns_only_the_shortfall_on_a_partial_deficit_day
P	test_gas_exchange.py	test_maintenance_closed_surplus_day_is_noop	ported	docstring	sealed_maintenance_on_a_surplus_day_is_an_empty_flow
P	test_gas_exchange.py	test_maintenance_closed_emits_single_pool_leg	engine	§5ae	-
P	test_gas_exchange.py	test_growth_resp_closed_is_noop	ported	docstring	sealed_growth_respiration_is_an_empty_round_trip
P	test_gas_exchange.py	test_sealed_conserves_oxygen_exactly	engine	§5ae	-
P	test_gas_exchange.py	test_sealed_co2_o2_anti_correlate_at_pq1	engine	§5ae	-
P	test_gas_exchange.py	test_sealed_exercises_both_gas_directions	owned	S6	sealed_chamber_runs_well_fed
P	test_gas_exchange.py	test_sealed_o2_stays_far_from_rationing	no-subject	§5al	-
P	test_gas_exchange.py	test_sealed_never_rations_with_o2_consumption	owned	S6	sealed_chamber_runs_well_fed
P	test_phenology.py	test_daily_thermal_time_cardinal_values	ported	docstring	thermal_time_is_the_degree_day_rate_capped_at_both_cardinals
P	test_phenology.py	test_daily_thermal_time_is_monotone_nondecreasing	ported	S6	thermal_time_is_the_degree_day_rate_capped_at_both_cardinals
P	test_phenology.py	test_daily_thermal_time_is_bounded_by_the_band	ported	S6	thermal_time_is_the_degree_day_rate_capped_at_both_cardinals
P	test_phenology.py	test_daily_thermal_time_rejects_inverted_band	decided-out	§5af	-
P	test_phenology.py	test_development_stage_cardinal_values	ported	docstring	development_stage_is_the_two_phase_tsum_ramp
P	test_phenology.py	test_development_stage_is_monotone_nondecreasing	ported	S6	development_stage_is_the_two_phase_tsum_ramp
P	test_phenology.py	test_development_stage_rejects_non_positive_sums	decided-out	§5af	-
P	test_phenology.py	test_aux_process_satisfies_protocol	compiler	§5af	-
P	test_phenology.py	test_aux_process_returns_increment_form	ported	docstring	thermal_time_aux_without_modifiers_is_the_plain_rate_times_dt
P	test_phenology.py	test_aux_process_reads_temperature_via_env	ported	S6	thermal_time_aux_without_modifiers_is_the_plain_rate_times_dt
P	test_phenology.py	test_constant_temperature_season_accumulates_to_rate_times_n_dt	engine	§5af	-
P	test_phenology.py	test_derived_dvs_tracks_the_accumulator	engine	§5af	-
P	test_phenology.py	test_phenology_params_file_exists	compiler	S6	-
P	test_phenology.py	test_load_phenology_params_matches_committed_values	ported	docstring	the_committed_phenology_block_is_the_cited_winter_europe_parameterization
P	test_phenology.py	test_phen_loader_round_trips_a_valid_file	folded	S6	the_committed_phenology_block_is_the_cited_winter_europe_parameterization
P	test_phenology.py	test_phen_loader_rejects_a_wrong_unit	ported	docstring	a_wrong_phenology_unit_is_rejected
P	test_phenology.py	test_phen_loader_rejects_inverted_cardinal_band	ported	docstring	an_inverted_phenology_cardinal_band_is_rejected
P	test_phenology.py	test_phen_loader_rejects_non_positive_sum	ported	docstring	a_non_positive_thermal_sum_is_rejected
P	test_phenology.py	test_phen_loader_rejects_a_missing_source	ported	docstring	a_phenology_entry_without_a_source_is_rejected
P	test_phenology.py	test_phen_loader_rejects_an_unknown_field	ported	docstring	an_unknown_phenology_field_is_rejected
P	test_phenology.py	test_vernalization_day_matches_hand_computed_literals	ported	docstring	vernalization_day_is_the_three_segment_cold_response
P	test_phenology.py	test_vernalization_day_reproduces_the_sources_own_worked_example	ported	docstring	vernalization_day_reproduces_the_sources_own_worked_example
P	test_phenology.py	test_vernalization_day_is_bounded_and_unimodal	ported	S6	vernalization_day_is_the_three_segment_cold_response
P	test_phenology.py	test_vernalization_day_rejects_ill_ordered_cardinals	ported	docstring	ill_ordered_vernalization_cardinals_are_rejected
P	test_phenology.py	test_vernalization_factor_is_qualitative_for_winter_europe_wheat	ported	docstring	vernalization_factor_arrests_a_qualitative_cultivar_and_saturates_at_one
P	test_phenology.py	test_vernalization_factor_saturates_at_one_and_stays_there	ported	S6	vernalization_factor_arrests_a_qualitative_cultivar_and_saturates_at_one
P	test_phenology.py	test_vernalization_factor_is_monotone_non_decreasing_in_cold	ported	S6	vernalization_factor_arrests_a_qualitative_cultivar_and_saturates_at_one
P	test_phenology.py	test_a_quantitative_cultivar_never_reaches_the_clamp	ported	docstring	vernalization_factor_arrests_a_qualitative_cultivar_and_saturates_at_one
P	test_phenology.py	test_vernalization_factor_rejects_bad_params	ported	docstring	a_bad_vernalization_sensitivity_or_saturation_is_rejected
P	test_phenology.py	test_photoperiod_factor_matches_hand_computed_literals	ported	docstring	photoperiod_factor_is_the_long_day_response_and_never_goes_negative
P	test_phenology.py	test_photoperiod_factor_clamps_at_zero_never_negative	ported	S6	photoperiod_factor_is_the_long_day_response_and_never_goes_negative
P	test_phenology.py	test_photoperiod_factor_is_monotone_non_decreasing_in_daylength	ported	S6	photoperiod_factor_is_the_long_day_response_and_never_goes_negative
P	test_phenology.py	test_photoperiod_factor_rejects_bad_params	ported	docstring	a_bad_photoperiod_pair_is_rejected
P	test_phenology.py	test_vernalization_has_memory_and_photoperiod_does_not	ported	docstring	vernalization_has_memory_and_photoperiod_does_not
P	test_phenology.py	test_vernalization_aux_satisfies_protocol	compiler	§5af	-
P	test_phenology.py	test_vernalization_aux_returns_increment_form	ported	docstring	vernalization_aux_accrues_verday_times_dt
P	test_phenology.py	test_thermal_time_aux_without_modifiers_is_the_plain_rate	ported	docstring	thermal_time_aux_without_modifiers_is_the_plain_rate_times_dt
P	test_phenology.py	test_thermal_time_aux_applies_both_modifiers_multiplicatively	ported	docstring	thermal_time_aux_multiplies_the_two_vegetative_modifiers
P	test_phenology.py	test_thermal_time_aux_arrests_completely_when_unvernalized	ported	docstring	thermal_time_aux_arrests_completely_when_unvernalized
P	test_phenology.py	test_thermal_time_modifiers_are_gated_off_at_and_after_anthesis	ported	docstring	the_vegetative_modifiers_are_gated_off_at_and_after_anthesis
P	test_phenology.py	test_committed_file_loads_the_cited_winter_europe_values	ported	docstring	the_committed_phenology_block_is_the_cited_winter_europe_parameterization
P	test_phenology.py	test_drought_development_factor_reproduces_the_sources_worked_examples	ported	S6	drought_development_factor_reproduces_the_sources_worked_examples
P	test_phenology.py	test_wsfd_is_exactly_one_when_unstressed_not_merely_close	ported	S6	wsfd_is_exactly_one_when_unstressed
P	test_phenology.py	test_wsfd_may_exceed_one_unlike_its_two_neighbours	ported	S6	wsfd_may_exceed_one_unlike_the_two_vegetative_modifiers
P	test_phenology.py	test_wsfd_arrests_development_at_wssd_minus_one_and_never_reverses	ported	S6	drought_development_factor_reproduces_the_sources_worked_examples
P	test_phenology.py	test_wsfd_is_monotone_increasing_as_water_runs_out	ported	docstring	wsfd_may_exceed_one_unlike_the_two_vegetative_modifiers
P	test_phenology.py	test_thermal_time_aux_without_drought_is_the_plain_rate	ported	docstring	the_wiring_declines_the_drought_modifier_when_no_wssd_is_cited,thermal_time_aux_without_a_cited_wssd_ignores_a_bone_dry_root_zone
P	test_phenology.py	test_thermal_time_aux_accelerates_under_drought_by_the_cited_factor	ported	S6	drought_acceleration_is_wired_into_the_accumulator_and_no_scenario_shows_it
P	test_phenology.py	test_thermal_time_aux_drought_is_NOT_gated_off_at_anthesis	ported	S6	wsfd_uses_wssg_and_is_not_gated_off_at_anthesis
P	test_phenology.py	test_thermal_time_drought_reads_the_same_ftsw_as_the_other_consumers	ported	S6	wsfd_uses_wssg_and_is_not_gated_off_at_anthesis
P	test_phenology.py	test_potato_declines_wssd_because_the_source_has_no_potato_row	open	§5af	-
P	test_phenology.py	test_the_wiring_declines_wssd_for_potato_not_just_the_scenario_field	ported	docstring	the_wiring_declines_the_drought_modifier_when_no_wssd_is_cited
P	test_transpiration.py	test_svp_and_slope_match_fao56_table	ported	docstring	saturation_vapour_pressure_and_its_slope_match_the_fao56_table
P	test_transpiration.py	test_slope_is_the_analytic_derivative_of_svp	ported	docstring	the_svp_slope_is_the_analytic_derivative_of_the_curve
P	test_transpiration.py	test_penman_monteith_pinned_value	ported	docstring	penman_monteith_is_the_hand_composed_combination_equation
P	test_transpiration.py	test_penman_monteith_zero_energy_zero_vpd_is_zero	ported	docstring	penman_monteith_is_zero_with_no_energy_and_no_vapour_deficit
P	test_transpiration.py	test_penman_monteith_clamps_negative_radiation_to_zero	ported	docstring	penman_monteith_clamps_negative_available_energy_and_no_weather_row_can_reach_it
P	test_transpiration.py	test_penman_monteith_rejects_non_positive_aerodynamic_resistance	ported	§5ag	a_non_positive_transpiration_resistance_is_rejected
P	test_transpiration.py	test_transpirable_capacity_is_the_column_arithmetic	ported	docstring	transpirable_capacity_is_the_column_arithmetic_and_agrees_with_captured_water
P	test_transpiration.py	test_transpirable_capacity_agrees_with_captured_water	ported	docstring	transpirable_capacity_is_the_column_arithmetic_and_agrees_with_captured_water
P	test_transpiration.py	test_fraction_transpirable_is_atsw_over_ttsw	ported	docstring	fraction_transpirable_is_atsw_over_ttsw_and_is_not_clamped_above_one
P	test_transpiration.py	test_fraction_transpirable_returns_zero_for_zero_capacity	ported	docstring	fraction_transpirable_is_atsw_over_ttsw_and_is_not_clamped_above_one
P	test_transpiration.py	test_water_stress_factor_cardinal_values	ported	docstring	water_stress_factor_is_the_wssg_ramp_with_a_cap_and_no_wilting_floor
P	test_transpiration.py	test_water_stress_factor_has_no_wilting_floor	ported	docstring	water_stress_factor_is_the_wssg_ramp_with_a_cap_and_no_wilting_floor
P	test_transpiration.py	test_water_stress_factor_rejects_non_positive_threshold	decided-out	§5ag	-
P	test_transpiration.py	test_soil_water_stress_composes_the_three	ported	docstring	soil_water_stress_composes_the_three_and_a_full_zone_is_unstressed_at_any_depth
P	test_transpiration.py	test_a_full_root_zone_is_unstressed_at_every_depth	ported	docstring	soil_water_stress_composes_the_three_and_a_full_zone_is_unstressed_at_any_depth
P	test_transpiration.py	test_transpiration_leg_is_pm_times_fwater_times_area	ported	docstring	the_transpiration_leg_is_potential_times_water_stress_times_area
P	test_transpiration.py	test_transpiration_is_water_balanced	ported	docstring	the_water_flows_are_dt_linear_and_balanced
P	test_transpiration.py	test_transpiration_shuts_off_at_an_empty_root_zone	ported	docstring	transpiration_shuts_off_exactly_at_an_empty_root_zone
P	test_transpiration.py	test_transpiration_scales_with_ground_area_under_the_extensive_transform	ported	docstring	transpiration_scales_with_the_plot_only_when_the_water_scales_with_it
P	test_transpiration.py	test_a_bigger_plot_on_the_same_water_is_drier	ported	docstring	transpiration_scales_with_the_plot_only_when_the_water_scales_with_it
P	test_transpiration.py	test_transpiration_scales_linearly_with_dt	ported	docstring	the_water_flows_are_dt_linear_and_balanced
P	test_transpiration.py	test_irrigation_leg_is_rate_times_area	ported	docstring	irrigation_takes_the_smaller_of_the_system_capacity_and_the_deficit
P	test_transpiration.py	test_irrigation_is_water_balanced	ported	docstring	the_water_flows_are_dt_linear_and_balanced
P	test_transpiration.py	test_transpiration_params_file_exists	folded	§5ag	the_committed_transpiration_resistances_are_the_provisional_literature_typical_pair
P	test_transpiration.py	test_load_transpiration_params_matches_committed_values	ported	docstring	the_committed_transpiration_resistances_are_the_provisional_literature_typical_pair
P	test_transpiration.py	test_transp_loader_round_trips_a_valid_file	folded	§5ag	the_committed_transpiration_resistances_are_the_provisional_literature_typical_pair
P	test_transpiration.py	test_transp_loader_rejects_a_wrong_unit	ported	docstring	a_malformed_transpiration_entry_is_rejected
P	test_transpiration.py	test_transp_loader_rejects_non_positive	ported	docstring	a_non_positive_transpiration_resistance_is_rejected
P	test_transpiration.py	test_transp_loader_rejects_a_missing_source	ported	docstring	a_malformed_transpiration_entry_is_rejected
P	test_transpiration.py	test_transp_loader_rejects_an_unknown_field	ported	docstring	a_malformed_transpiration_entry_is_rejected
P	test_transpiration.py	test_irrigation_stops_at_the_drained_upper_limit	ported	docstring	irrigation_stops_at_the_drained_upper_limit_and_a_zero_capacity_is_a_hard_off
P	test_transpiration.py	test_irrigation_takes_the_smaller_of_capacity_and_deficit	ported	docstring	irrigation_takes_the_smaller_of_the_system_capacity_and_the_deficit
P	test_transpiration.py	test_a_zero_capacity_is_still_a_hard_off	ported	docstring	irrigation_stops_at_the_drained_upper_limit_and_a_zero_capacity_is_a_hard_off
P	test_soil_layers.py	test_captured_water_is_the_column_arithmetic	ported	docstring	captured_water_is_the_column_arithmetic
P	test_soil_layers.py	test_both_stores_are_derived_from_geometry_not_chosen	ported	S6	transpirable_capacity_is_the_column_arithmetic_and_agrees_with_captured_water,captured_water_is_the_column_arithmetic
P	test_soil_layers.py	test_the_capture_is_clamped_to_the_donor	ported	S6	drainage_never_overdraws_its_donor,the_root_zone_capture_is_a_balanced_internal_transfer
P	test_soil_layers.py	test_the_capture_is_a_balanced_internal_transfer	ported	docstring	the_root_zone_capture_is_a_balanced_internal_transfer
P	test_soil_layers.py	test_capture_and_depth_use_the_same_gated_rate	ported	docstring	capture_scales_with_ground_area_at_its_call_sites
P	test_soil_layers.py	test_a_dry_subsoil_stops_root_extension	ported	docstring	a_dry_below_root_store_stops_extension_for_the_whole_season
P	test_soil_layers.py	test_a_shallow_soil_caps_rooting_before_the_crop_does	ported	S6	a_shallow_soil_caps_rooting_before_the_crop_does
P	test_soil_layers.py	test_the_rate_is_exactly_zero_with_nothing_below	folded	§5ag	a_dry_subsoil_stops_extension
P	test_soil_layers.py	test_the_resow_returns_the_abandoned_zones_water_so_there_is_no_ratchet	ported	docstring	the_resow_makes_a_cycle_and_not_a_ratchet_over_five_years
P	test_soil_layers.py	test_water_is_conserved_across_the_resow_transfer	ported	S6	the_resow_returns_the_abandoned_fraction_and_preserves_ftsw
P	test_soil_layers.py	test_reaching_the_subsoil_is_what_saves_the_deep_water_crop	ported	docstring	reaching_the_below_root_store_is_what_saves_the_deep_water_crop
P	test_soil_layers.py	test_the_deep_water_effect_is_water_and_not_the_nitrogen_gate	ported	docstring	the_clean_and_naive_deep_water_controls_are_not_interchangeable
P	test_soil_layers.py	test_drought_declares_a_stratified_profile_deliberately	folded	§5ag	a_dry_below_root_store_stops_extension_for_the_whole_season
P	test_soil_layers.py	test_every_scenarios_water_stores_are_geometric	open	S6	-
P	test_soil_layers.py	test_the_roster_this_covers_is_not_empty_and_includes_the_station	folded	§5ag	a_dry_below_root_store_stops_extension_for_the_whole_season
P	test_soil_layers.py	test_the_harvest_injection_keeps_depth_and_water_together	open	S6	-
P	test_water_cycle.py	test_condensation_flux_is_first_order_in_vapor	ported	docstring	the_two_cycle_flows_are_first_order_in_their_own_donor_pool
P	test_water_cycle.py	test_recycling_flux_is_first_order_in_condensate	ported	docstring	the_two_cycle_flows_are_first_order_in_their_own_donor_pool
P	test_water_cycle.py	test_fluxes_are_zero_at_empty_pools	ported	docstring	the_two_cycle_flows_are_first_order_in_their_own_donor_pool
P	test_water_cycle.py	test_condensation_transfers_vapor_to_condensate	ported	S6	the_two_cycle_flows_are_first_order_in_their_own_donor_pool
P	test_water_cycle.py	test_recycling_transfers_condensate_to_soil_water	ported	S6	the_two_cycle_flows_are_first_order_in_their_own_donor_pool
P	test_water_cycle.py	test_cycle_flows_balance_water_only	ported	S6	the_three_cycle_flows_carry_only_water_in_ring_order
P	test_water_cycle.py	test_cycle_flows_are_dt_linear	ported	docstring	the_two_cycle_flows_are_first_order_in_their_own_donor_pool
P	test_water_cycle.py	test_cycle_flows_self_limit_at_empty_pool	ported	S6	the_two_cycle_flows_are_first_order_in_their_own_donor_pool
P	test_water_cycle.py	test_loader_reads_committed_rates	ported	docstring	the_committed_water_cycle_rates_are_the_matched_design_pair
P	test_water_cycle.py	test_loader_rejects_negative_rate	ported	docstring	a_negative_decomposer_rate_is_rejected_and_a_zero_one_loads,a_negative_water_cycle_rate_is_rejected_but_a_zero_one_is_legal
P	test_water_cycle.py	test_loader_rejects_bad_unit	ported	docstring	a_wrong_decomposer_unit_is_rejected,a_wrong_water_cycle_unit_is_rejected
P	test_water_cycle.py	test_three_cycle_flows_carry_only_water_in_ring_order	ported	docstring	the_three_cycle_flows_carry_only_water_in_ring_order
P	test_water_cycle.py	test_sealed_closed_water_loop_is_conserved	ported	docstring	the_sealed_chamber_conserves_water_over_all_four_stores
P	test_water_cycle.py	test_sealed_water_cycle_is_active_and_distributes	ported	docstring	the_sealed_chamber_conserves_water_over_all_four_stores
P	test_water_cycle.py	test_sealed_water_scoped_compartment_ledger_balances_every_step	open	§5ag	-
P	test_water_cycle.py	test_sealed_water_cycle_never_rations	ported	docstring	the_sealed_chamber_conserves_water_over_all_four_stores
P	test_root_depth.py	test_root_zone_fraction_is_a_clamped_ratio	ported	docstring	root_zone_fraction_is_a_clamped_ratio_that_can_only_reduce
P	test_root_depth.py	test_root_zone_fraction_can_only_reduce_never_reverse	ported	docstring	root_zone_fraction_is_a_clamped_ratio_that_can_only_reduce
P	test_root_depth.py	test_winter_wheat_carries_table_25s_own_row	ported	docstring	winter_wheat_carries_table_25s_own_root_depth_row
P	test_root_depth.py	test_potato_overrides_root_depth_rather_than_sharing_wheats	ported	docstring	potato_overrides_the_rooting_habit_rather_than_sharing_wheats
P	test_root_depth.py	test_a_non_positive_parameter_is_rejected_at_the_boundary	ported	docstring	a_non_positive_root_depth_bound_is_rejected
P	test_root_depth.py	test_depth_follows_es_law_and_stops_at_the_cited_cap	ported	docstring	rooted_depth_follows_the_gated_extension_law_and_stops_at_the_cited_cap
P	test_root_depth.py	test_extension_is_temperature_and_water_gated_not_a_flat_rate	ported	docstring	rooted_depth_follows_the_gated_extension_law_and_stops_at_the_cited_cap
P	test_root_depth.py	test_root_growth_stops_at_flowering	ported	docstring	root_growth_stops_at_flowering_when_neither_cap_can_bind
P	test_root_depth.py	test_a_resown_crop_starts_with_the_sowing_root_system	ported	docstring	a_resown_crop_starts_with_the_sowing_root_system
P	test_root_depth.py	test_the_gate_scales_uptake_capacity	ported	docstring	the_root_zone_gate_throttles_uptake_and_is_inert_on_the_frozen_reference
P	test_root_depth.py	test_the_gate_is_inert_on_the_frozen_reference_and_that_is_recorded	ported	docstring	the_root_zone_gate_throttles_uptake_and_is_inert_on_the_frozen_reference
P	test_root_depth.py	test_the_harvest_scenarios_root_system_tracks_the_crop_maximum	open	S6	-
P	test_allocation.py	test_partition_fractions_known_values	ported	docstring	partition_fractions_at_a_knot_are_that_row_verbatim,partition_fractions_between_knots_interpolate_in_the_right_direction,partition_fractions_flat_extrapolate_from_the_nearer_end_row
P	test_allocation.py	test_partition_fractions_sum_to_one_everywhere	ported	docstring	the_partition_fractions_sum_to_one_everywhere_including_outside_the_table
P	test_allocation.py	test_partition_fractions_empty_table_raises	decided-out	§5ah	-
P	test_allocation.py	test_partition_splits_dmi_exactly	ported	docstring	partition_splits_the_increment_into_four_named_legs_that_sum_back_to_it
P	test_allocation.py	test_partition_fills_storage_in_the_reproductive_phase	ported	docstring	partition_splits_the_increment_into_four_named_legs_that_sum_back_to_it
P	test_allocation.py	test_senescence_flux_proportional_to_organ_carbon	ported	docstring	the_senescence_legs_are_the_per_organ_relative_losses
P	test_allocation.py	test_senescence_flux_zero_organ_is_zero	ported	docstring	the_senescence_legs_are_the_per_organ_relative_losses
P	test_allocation.py	test_mutual_shading_is_a_STEP_at_the_cited_threshold	ported	docstring	the_mutual_shading_step_is_flat_above_the_threshold_and_absent_below_it
P	test_allocation.py	test_senescence_sheds_FASTER_once_the_canopy_closes	ported	docstring	senescence_sheds_faster_from_the_leaf_only_once_the_canopy_closes
P	test_allocation.py	test_senescence_legs_are_the_hand_computed_losses	ported	docstring	the_senescence_legs_are_the_per_organ_relative_losses
P	test_allocation.py	test_senescence_flow_is_carbon_balanced	engine	§5ak	-
P	test_allocation.py	test_senescence_scales_linearly_with_dt	ported	docstring	the_senescence_legs_are_bit_exactly_linear_in_dt
P	test_allocation.py	test_allocation_params_file_exists	compiler	S6	-
P	test_allocation.py	test_load_allocation_params_matches_committed_values	folded	S6	every_value_matches_the_generated_table
P	test_allocation.py	test_alloc_loader_round_trips_a_valid_file	folded	S6	loads_all_groups_and_the_partition_table
P	test_allocation.py	test_alloc_loader_rejects_a_row_not_summing_to_one	ported	S6	a_partition_row_that_does_not_sum_to_one_is_rejected
P	test_allocation.py	test_alloc_loader_rejects_non_increasing_dvs	ported	docstring	the_partition_tables_structural_rules_are_each_rejected_separately
P	test_allocation.py	test_alloc_loader_rejects_out_of_range_fraction	ported	docstring	the_partition_tables_structural_rules_are_each_rejected_separately
P	test_allocation.py	test_alloc_loader_rejects_too_few_rows	ported	docstring	the_partition_tables_structural_rules_are_each_rejected_separately
P	test_allocation.py	test_alloc_loader_rejects_a_missing_source	ported	S6	provenance_is_enforced_at_the_loader_for_all_three_files
P	test_allocation.py	test_alloc_loader_rejects_an_unknown_field	ported	S6	provenance_is_enforced_at_the_loader_for_all_three_files
P	test_allocation.py	test_senescence_params_file_exists	compiler	§5ak	-
P	test_allocation.py	test_load_senescence_params_matches_committed_values	owned	§5ak	every_value_matches_the_generated_table
P	test_allocation.py	test_senescence_loader_round_trips_a_valid_file	folded	S6	every_value_matches_the_generated_table
P	test_allocation.py	test_senescence_loader_accepts_zero_rate	ported	docstring	a_negative_senescence_rate_is_rejected_and_a_zero_one_loads
P	test_allocation.py	test_senescence_loader_rejects_a_wrong_unit	boundary	§5ak	-
P	test_allocation.py	test_senescence_loader_rejects_a_negative_rate	ported	docstring	a_negative_senescence_rate_is_rejected_and_a_zero_one_loads
P	test_allocation.py	test_senescence_loader_rejects_a_missing_source	boundary	§5ak	-
P	test_respiration.py	test_q10_factor_known_values	ported	docstring	q10_is_the_doubling_ladder_either_side_of_the_reference_temperature
P	test_respiration.py	test_maintenance_respiration_known_value_at_reference_temp	ported	S6	maintenance_respiration_is_the_reference_rate_scaled_by_biomass_and_q10
P	test_respiration.py	test_maintenance_respiration_tracks_q10	ported	S6	q10_is_the_doubling_ladder_either_side_of_the_reference_temperature
P	test_respiration.py	test_maintenance_respiration_proportional_to_biomass	ported	S6	maintenance_respiration_is_the_reference_rate_scaled_by_biomass_and_q10
P	test_respiration.py	test_maintenance_respiration_zero_biomass_is_zero	ported	S6	maintenance_respiration_is_the_reference_rate_scaled_by_biomass_and_q10
P	test_respiration.py	test_maintenance_respiration_maturity_seam_scales_linearly	no-subject	§5ah	-
P	test_respiration.py	test_growth_respiration_known_value	ported	S6	the_growth_respiration_leg_is_the_complement_of_the_growth_efficiency
P	test_respiration.py	test_growth_respiration_clamps_when_maintenance_meets_or_exceeds_gross	ported	S6	available_for_growth_is_the_difference_and_the_clamp_is_exact_at_equality
P	test_respiration.py	test_respiration_params_file_exists	compiler	S6	-
P	test_respiration.py	test_load_respiration_params_matches_committed_values	folded	S6	every_value_matches_the_generated_table
P	test_respiration.py	test_resp_loader_round_trips_a_valid_file	folded	S6	every_value_matches_the_generated_table
P	test_respiration.py	test_resp_loader_rejects_a_wrong_unit	ported	docstring	a_wrong_respiration_unit_is_rejected
P	test_respiration.py	test_resp_loader_rejects_non_positive_rates	ported	docstring	the_respiration_bounds_are_rejected_each_at_its_own_shape
P	test_respiration.py	test_resp_loader_rejects_out_of_unit_interval_efficiency	ported	docstring	the_respiration_bounds_are_rejected_each_at_its_own_shape
P	test_respiration.py	test_resp_loader_rejects_a_missing_source	ported	S6	provenance_is_enforced_at_the_loader_for_all_three_files
P	test_respiration.py	test_resp_loader_rejects_an_unknown_field	boundary	S6	-
P	test_carbon_budget.py	test_context_budget_matches_standalone_rate_laws	ported	docstring	the_shared_carbon_budget_is_the_standalone_rate_laws_recomposed
P	test_carbon_budget.py	test_context_limitation_is_one_at_the_non_limiting_point	ported	docstring	the_limitation_is_the_product_and_both_factors_actually_bite
P	test_carbon_budget.py	test_context_limitation_is_f_water_times_f_n	ported	docstring	the_limitation_is_the_product_and_both_factors_actually_bite
P	test_carbon_budget.py	test_context_storage_excluded_from_biomass	compiler	§5ah	-
P	test_carbon_budget.py	test_growth_flow_leg_is_the_composed_loss_and_pins_the_step6_literal	ported	docstring	the_growth_respiration_leg_is_the_complement_of_the_growth_efficiency
P	test_carbon_budget.py	test_growth_flow_is_carbon_balanced	engine	§5ah	-
P	test_carbon_budget.py	test_growth_flow_clamps_to_zero_in_the_dark	ported	S6	the_three_budget_flows_share_one_budget_clamp_together_and_scale_with_dt
P	test_carbon_budget.py	test_growth_flow_scales_linearly_with_dt	ported	S6	the_three_budget_flows_share_one_budget_clamp_together_and_scale_with_dt
P	test_carbon_budget.py	test_maintenance_surplus_day_is_fully_covered_by_assimilate	ported	S6	sealed_maintenance_on_a_surplus_day_is_an_empty_flow,open_field_maintenance_draws_the_covered_part_from_the_atmosphere
P	test_carbon_budget.py	test_maintenance_deficit_day_draws_the_shortfall_from_organs	ported	docstring	open_field_maintenance_burns_the_shortfall_in_proportion_to_each_organ
P	test_carbon_budget.py	test_maintenance_partial_deficit_splits_covered_and_shortfall	ported	docstring	open_field_maintenance_burns_the_shortfall_in_proportion_to_each_organ
P	test_carbon_budget.py	test_maintenance_flow_is_carbon_balanced_both_regimes	engine	§5ah	-
P	test_carbon_budget.py	test_maintenance_zero_biomass_is_inert	folded	§5ah	maintenance_respiration_is_the_reference_rate_scaled_by_biomass_and_q10
P	test_carbon_budget.py	test_maintenance_flow_scales_linearly_with_dt	ported	S6	the_three_budget_flows_share_one_budget_clamp_together_and_scale_with_dt
P	test_carbon_budget.py	test_allocation_legs_are_the_partitioned_increment	ported	docstring	the_allocation_legs_are_the_partitioned_increment_and_the_co2_leg_is_their_sum
P	test_carbon_budget.py	test_allocation_dmi_agrees_with_growth_resp_budget	ported	docstring	the_allocation_legs_are_the_partitioned_increment_and_the_co2_leg_is_their_sum
P	test_carbon_budget.py	test_allocation_fills_storage_in_the_reproductive_phase	ported	S6	the_allocation_legs_are_the_partitioned_increment_and_the_co2_leg_is_their_sum,partition_fractions_at_a_knot_are_that_row_verbatim
P	test_carbon_budget.py	test_allocation_is_carbon_balanced	engine	§5ah	-
P	test_carbon_budget.py	test_allocation_clamps_to_zero_in_the_dark	ported	S6	the_three_budget_flows_share_one_budget_clamp_together_and_scale_with_dt
P	test_carbon_budget.py	test_allocation_scales_linearly_with_dt	ported	S6	the_three_budget_flows_share_one_budget_clamp_together_and_scale_with_dt
P	test_carbon_budget.py	test_three_flows_share_one_budget	ported	docstring	the_three_budget_flows_share_one_budget_clamp_together_and_scale_with_dt
P	test_carbon_budget.py	test_limitation_scales_growth_and_allocation_identically	ported	docstring	the_limitation_scales_growth_and_allocation_by_the_same_ratio
P	test_stem_reserves.py	test_table_7_wheat_is_the_only_load_bearing_number_and_it_is_tabulated	no-subject	S6	-
P	test_stem_reserves.py	test_the_frozen_stem_never_stops_growing_and_has_no_door_to_the_grain	no-subject	S6	-
P	test_stem_reserves.py	test_the_SOURCED_form_fixes_the_STEM_and_overshoots_the_grain	no-subject	S6	-
P	test_stem_reserves.py	test_OUR_reconstruction_lands_on_the_grain_and_leaves_the_STEM_growing	no-subject	S6	-
P	test_stem_reserves.py	test_NEITHER_form_fixes_both_halves_and_that_is_the_refusal	no-subject	S6	-
P	test_stem_reserves.py	test_the_partition_table_is_what_blocks_it_and_it_is_UNCITED	no-subject	S6	-
P	test_stem_reserves.py	test_the_drain_rate_is_BIT_INERT_on_carbon_and_only_relabels	ported	docstring	the_remobilization_drains_the_reserve_into_the_grain_and_is_first_order
P	test_stem_reserves.py	test_a_reserve_that_never_drains_moves_NITROGEN_and_the_reason_is_the_target	no-subject	S6	-
P	test_stem_reserves.py	test_the_trigger_is_OURS_and_it_is_near_inert	no-subject	S6	-
P	test_stem_reserves.py	test_the_fill_fraction_is_the_only_number_that_moves_anything	no-subject	S6	-
P	test_stem_reserves.py	test_the_transfer_actually_STOPS_and_the_ungated_control_reproduces	ported	docstring	both_halves_of_the_reserve_stop_at_the_cessation_and_the_bound_is_strict
P	test_stem_reserves.py	test_the_ungated_control_reproduces_the_values_recorded_before_it	no-subject	S6	-
P	test_stem_reserves.py	test_the_two_halves_share_ONE_cessation_number_in_the_shipped_wiring	ported	docstring	both_halves_of_the_reserve_stop_at_the_cessation_and_the_bound_is_strict
P	test_stem_reserves.py	test_a_forgotten_cessation_fails_CLOSED_rather_than_running_unbounded	ported	docstring	both_halves_of_the_reserve_stop_at_the_cessation_and_the_bound_is_strict
P	test_stem_reserves.py	test_the_loader_refuses_a_cessation_that_is_unreachable_or_empty	ported	docstring	the_stem_reserve_window_is_rejected_when_empty_or_unreachable
P	test_stem_reserves.py	test_the_grain_gain_is_the_TRANSFER_not_the_two_exemptions	no-subject	S6	-
P	test_stem_reserves.py	test_the_frozen_harvest_index_is_LOW_and_the_grain_mass_is_LOWER	no-subject	S6	-
P	test_stem_reserves.py	test_the_reserve_closes_every_sealed_chamber_on_both_integrators	open	§5ah	-
P	test_stem_reserves.py	test_the_reserve_passes_every_manifest_liveness_floor_the_frozen_tree_passes	folded	S6	perennial_long_horizon_stays_above_the_compensation_point,consumer_long_horizon_stays_above_the_compensation_point
P	test_stem_reserves.py	test_what_the_reserve_RESCUES_of_stem_onlys_two_closure_legs	no-subject	S6	-
P	test_stem_reserves.py	test_the_open_season_science_bands_survive_the_reserve_but_the_margin_shrinks	folded	S6	open_season_canopy_is_physical,open_season_peaks_below_the_greenwood_crossing
P	test_stem_reserves.py	test_option_Bs_litter_C_to_N_identity_survives_the_nitrogen_free_starch	folded	S6	the_seedless_litter_pool_holds_the_shed_carbon_to_nitrogen_ratio_as_an_identity
P	test_nitrogen.py	test_soil_n_availability_cardinal_values	ported	docstring	the_availability_ramp_is_pinned_off_its_own_symmetry_point
P	test_nitrogen.py	test_soil_n_availability_rejects_inverted_band	ported	docstring	an_inverted_soil_nitrogen_band_is_rejected_at_assembly
P	test_nitrogen.py	test_nitrogen_stress_factor_cardinal_values	owned	§5aj	the_nitrogen_stress_ramp_is_linear_between_its_two_knots
P	test_nitrogen.py	test_nitrogen_stress_factor_zero_or_negative_biomass_is_neutral	owned	S6	the_nitrogen_stress_ramp_is_linear_between_its_two_knots
P	test_nitrogen.py	test_nitrogen_stress_factor_rejects_inverted_band	decided-out	§5aj	-
P	test_nitrogen.py	test_uptake_leg_is_capacity_times_availability_times_area	ported	docstring	the_uptake_draws_the_smaller_of_the_deficit_and_the_supply_and_both_arms_bite
P	test_nitrogen.py	test_uptake_is_nitrogen_balanced	engine	§5aj	-
P	test_nitrogen.py	test_uptake_is_demand_limited_when_the_shortfall_is_small	ported	docstring	the_uptake_draws_the_smaller_of_the_deficit_and_the_supply_and_both_arms_bite
P	test_nitrogen.py	test_demand_limited_uptake_is_dt_linear_and_deadbeat_at_dt_1	ported	docstring	the_uptake_closes_the_shortfall_in_one_step_and_does_not_overshoot
P	test_nitrogen.py	test_uptake_stops_entirely_at_or_above_the_target_concentration	ported	docstring	the_uptake_stops_at_the_target_and_never_runs_backwards
P	test_nitrogen.py	test_uptake_shuts_off_at_residual_soil_n	ported	docstring	the_uptake_draws_the_smaller_of_the_deficit_and_the_supply_and_both_arms_bite
P	test_nitrogen.py	test_uptake_scales_with_ground_area	ported	docstring	the_uptake_and_the_fertilization_both_scale_with_the_plot
P	test_nitrogen.py	test_uptake_scales_linearly_with_dt	folded	§5aj	the_uptake_draws_the_smaller_of_the_deficit_and_the_supply_and_both_arms_bite
P	test_nitrogen.py	test_fertilization_leg_is_rate_times_area	ported	docstring	the_uptake_and_the_fertilization_both_scale_with_the_plot
P	test_nitrogen.py	test_fertilization_is_nitrogen_balanced	engine	§5aj	-
P	test_nitrogen.py	test_nitrogen_params_file_exists	folded	§5aj	the_committed_nitrogen_thresholds_fold_to_kg_n_per_mol_c
P	test_nitrogen.py	test_load_nitrogen_params_applies_carbon_fraction_fold	ported	docstring	the_committed_nitrogen_thresholds_fold_to_kg_n_per_mol_c
P	test_nitrogen.py	test_committed_nitrogen_carbon_fraction_matches_canopy	owned	§5aj	the_two_carbon_fractions_agree
P	test_nitrogen.py	test_nitrogen_loader_round_trips_a_valid_file	folded	§5aj	the_committed_nitrogen_thresholds_fold_to_kg_n_per_mol_c
P	test_nitrogen.py	test_nitrogen_loader_rejects_a_wrong_unit	ported	docstring	the_nitrogen_bounds_are_each_rejected_at_their_own_shape
P	test_nitrogen.py	test_nitrogen_loader_rejects_non_positive_capacity	ported	S6	the_nitrogen_bounds_are_each_rejected_at_their_own_shape
P	test_nitrogen.py	test_nitrogen_loader_rejects_out_of_range_carbon_fraction	ported	S6	the_nitrogen_bounds_are_each_rejected_at_their_own_shape
P	test_nitrogen.py	test_nitrogen_loader_rejects_inverted_concentration_band	ported	S6	the_nitrogen_bounds_are_each_rejected_at_their_own_shape
P	test_nitrogen.py	test_nitrogen_loader_rejects_negative_residual	ported	S6	the_nitrogen_bounds_are_each_rejected_at_their_own_shape
P	test_nitrogen.py	test_nitrogen_loader_rejects_a_missing_source	boundary	S6	-
P	test_nitrogen.py	test_nitrogen_loader_rejects_an_unknown_field	boundary	S6	-
P	test_nitrogen_form.py	test_target_is_constant_below_greenwoods_domain_bound	ported	docstring	the_greenwood_target_is_flat_below_its_domain_bound_and_declines_above_it
P	test_nitrogen_form.py	test_target_declines_as_a_power_law_above_the_bound	ported	docstring	the_greenwood_target_is_flat_below_its_domain_bound_and_declines_above_it
P	test_nitrogen_form.py	test_target_is_continuous_at_the_bound	ported	docstring	the_greenwood_target_is_flat_below_its_domain_bound_and_declines_above_it
P	test_nitrogen_form.py	test_target_rejects_a_non_positive_plateau_bound	ported	docstring	a_non_positive_domain_bound_degenerates_to_the_plateau_and_does_not_panic,the_nitrogen_bounds_are_each_rejected_at_their_own_shape
P	test_nitrogen_form.py	test_committed_params_are_the_values_read_off_the_primary	ported	docstring	the_committed_nitrogen_thresholds_fold_to_kg_n_per_mol_c
P	test_nitrogen_form.py	test_the_target_meets_n_critical_at_14_42_t_per_ha	ported	docstring	the_greenwood_target_meets_the_stress_threshold_at_the_crossing
P	test_nitrogen_form.py	test_open_season_peaks_below_the_crossing_with_the_margin_pinned	owned	§5aj	open_season_peaks_below_the_greenwood_crossing
P	test_nitrogen_form.py	test_open_season_peak_w_margin_to_the_crossing	open	§5aj	-
P	test_nitrogen_form.py	test_only_open_season_enters_the_declining_branch	ported	docstring	only_the_open_field_crop_leaves_greenwoods_plateau
P	test_nitrogen_form.py	test_shed_nitrogen_uses_the_same_carbon_flux_as_the_senescence_flow	ported	docstring	the_shed_nitrogen_is_the_senescing_carbon_at_the_remobilized_concentration
P	test_nitrogen_form.py	test_shed_material_has_a_straw_like_carbon_to_nitrogen_ratio	ported	docstring	the_shed_material_has_a_straw_like_carbon_to_nitrogen_ratio
P	test_nitrogen_form.py	test_litter_pool_cn_is_TWO_regimes_set_by_which_event_fills_the_pool	ported	docstring	the_seedless_litter_pool_holds_the_shed_carbon_to_nitrogen_ratio_as_an_identity
P	test_nitrogen_form.py	test_the_free_mineralization_rate_no_longer_EXISTS_to_be_calibrated	ported	docstring	the_seedless_litter_pool_holds_the_shed_carbon_to_nitrogen_ratio_as_an_identity
P	test_nitrogen_form.py	test_the_pool_cn_IS_the_shed_ratio_and_the_deviation_is_the_N_FREE_SEED	ported	docstring	the_seedless_litter_pool_holds_the_shed_carbon_to_nitrogen_ratio_as_an_identity
P	test_nitrogen_form.py	test_nitrogen_is_conserved_across_the_annual_reset	ported	docstring	the_resow_splits_the_parents_nitrogen_by_concentration_and_is_not_a_windfall
P	test_nitrogen_throttle.py	test_the_recorded_price_described_a_mechanism_that_could_not_have_fired	no-subject	S6	-
P	test_nitrogen_throttle.py	test_the_litter_pool_a_throttle_would_read_is_TWO_REGIMES_not_one_number	no-subject	S6	-
P	test_nitrogen_throttle.py	test_RothC_carries_no_nitrogen_at_all	no-subject	S6	-
P	test_nitrogen_throttle.py	test_CENTURY_has_NO_nitrogen_limitation_on_the_DECAY_RATE	no-subject	S6	-
P	test_nitrogen_throttle.py	test_the_tree_has_no_lignin_state_and_the_CUE_BUILD_ALREADY_SAID_SO	no-subject	S6	-
P	test_nitrogen_throttle.py	test_in_the_cited_primary_D_and_SOIL_FRACTIONATION_are_ONE_MECHANISM	no-subject	S6	-
P	test_nitrogen_throttle.py	test_no_invented_throttle_was_run_and_that_is_deliberate	no-subject	S6	-
P	test_mineralization.py	test_n_shedding_flux_is_proportional_to_the_senescing_carbon	owned	§5al	the_shed_nitrogen_is_the_senescing_carbon_at_the_remobilized_concentration
P	test_mineralization.py	test_n_shedding_sheds_at_the_residual_concentration_when_tissue_is_richer	owned	§5al	the_shed_nitrogen_is_the_senescing_carbon_at_the_remobilized_concentration
P	test_mineralization.py	test_n_shedding_falls_back_to_tissue_conc_when_already_at_residual	owned	§5al	the_shed_nitrogen_is_the_senescing_carbon_at_the_remobilized_concentration
P	test_mineralization.py	test_n_shedding_flux_is_zero_at_every_degenerate_input	ported	docstring	the_shed_nitrogen_is_zero_on_each_of_its_three_degenerate_arms
P	test_mineralization.py	test_carried_nitrogen_moves_the_donor_pools_own_ratio	ported	docstring	carried_nitrogen_moves_the_donor_pools_own_ratio_and_is_zero_at_every_degenerate_input
P	test_mineralization.py	test_carried_nitrogen_is_zero_at_every_degenerate_input	ported	docstring	carried_nitrogen_moves_the_donor_pools_own_ratio_and_is_zero_at_every_degenerate_input
P	test_mineralization.py	test_carried_n_on_a_first_order_carbon_flux_is_that_same_rate	ported	docstring	the_nitrogen_riding_a_first_order_carbon_flux_is_that_same_carbon_rate
P	test_mineralization.py	test_n_senescence_moves_plant_n_to_litter_n	owned	§5al	the_shed_nitrogen_is_the_senescing_carbon_at_the_remobilized_concentration
P	test_mineralization.py	test_litter_transfer_splits_its_nitrogen_the_way_the_carbon_split	ported	docstring	each_nitrogen_leg_splits_its_pool_exactly_as_its_carbon_sibling_splits_the_carbon
P	test_mineralization.py	test_microbial_release_splits_its_nitrogen_the_way_the_carbon_split	ported	docstring	each_nitrogen_leg_splits_its_pool_exactly_as_its_carbon_sibling_splits_the_carbon
P	test_mineralization.py	test_mineralization_is_the_nitrogen_of_the_carbon_that_LEFT_AS_CO2	ported	docstring	each_nitrogen_leg_splits_its_pool_exactly_as_its_carbon_sibling_splits_the_carbon
P	test_mineralization.py	test_only_the_RESPIRED_share_reaches_soil_n_the_rest_still_transits	ported	docstring	no_nitrogen_leaves_a_soil_pool_whose_carbon_is_not_moving
P	test_mineralization.py	test_flows_balance_nitrogen_only	engine	§5al	-
P	test_mineralization.py	test_flows_are_dt_linear	ported	docstring	every_soil_leg_is_bit_exactly_linear_in_dt
P	test_mineralization.py	test_n_senescence_self_limits_at_zero_plant_n	ported	docstring	the_shed_nitrogen_is_zero_on_each_of_its_three_degenerate_arms
P	test_mineralization.py	test_n_senescence_self_limits_when_no_carbon_is_senescing	ported	docstring	the_shed_nitrogen_is_zero_on_each_of_its_three_degenerate_arms
P	test_mineralization.py	test_return_legs_self_limit_at_an_empty_donor	ported	docstring	no_nitrogen_leaves_a_soil_pool_whose_carbon_is_not_moving
P	test_mineralization.py	test_return_legs_self_limit_when_no_carbon_is_moving	ported	docstring	no_nitrogen_leaves_a_soil_pool_whose_carbon_is_not_moving
P	test_mineralization.py	test_there_is_no_mineralization_param_file_or_loader	compiler	§5al	-
P	test_mineralization.py	test_the_retired_provenance_record_is_preserved	python-only	§5al	-
P	test_mineralization.py	test_the_return_legs_take_the_DECOMPOSER_params_not_their_own	ported	§5al	each_nitrogen_leg_recomputes_its_siblings_carbon_flux_with_the_o2_throttle_biting
P	test_mineralization.py	test_transfer_leg_recomputes_EXACTLY_the_carbon_Decomposition_moves	ported	docstring	each_nitrogen_leg_recomputes_its_siblings_carbon_flux_with_the_o2_throttle_biting
P	test_mineralization.py	test_release_leg_recomputes_EXACTLY_the_carbon_MicrobialRespiration_burns	ported	docstring	each_nitrogen_leg_recomputes_its_siblings_carbon_flux_with_the_o2_throttle_biting
P	test_mineralization.py	test_release_leg_throttles_with_f_o2_rather_than_ignoring_it	ported	docstring	the_oxygen_throttle_is_live_on_all_six_soil_flows_and_shaped_either_side_of_its_knot
P	test_mineralization.py	test_microbial_n_is_a_POOL_so_extinction_can_never_orphan_it	ported	docstring	microbial_nitrogen_is_a_pool_so_an_extinction_pass_can_never_orphan_it
P	test_mineralization.py	test_sealed_litter_n_accumulates_then_drains	ported	docstring	the_sealed_soil_cascade_fills_and_drains_all_six_of_its_pools
P	test_mineralization.py	test_sealed_plant_n_is_withdrawn_by_shedding	owned	§5al	only_the_open_field_crop_leaves_greenwoods_plateau,nitrogen_limitation_is_wired_into_assimilation_and_no_scenario_shows_it
P	test_mineralization.py	test_sealed_conserves_nitrogen_exactly	engine	§5al	-
P	test_mineralization.py	test_sealed_f_n_stays_one_carbon_decoupled	owned	§5al	only_the_open_field_crop_leaves_greenwoods_plateau,nitrogen_limitation_is_wired_into_assimilation_and_no_scenario_shows_it
P	test_mineralization.py	test_sealed_never_rations	owned	§5al	sealed_chamber_runs_well_fed
P	test_mineralization.py	test_sealed_no_extinction	owned	§5al	sealed_chamber_runs_well_fed
P	test_mineralization.py	test_open_field_has_no_litter_n	ported	docstring	only_a_sealed_chamber_builds_soil_pools_and_its_organic_carbon_roster_is_these_eight
P	test_soil_fractionation.py	test_the_hoosfield_pools_sum_exactly_to_the_stated_total	no-subject	§5al	-
P	test_soil_fractionation.py	test_our_rate_sits_between_the_two_plant_material_rates	ported	docstring	the_frozen_decomposer_rates_are_step_safe_and_the_litter_rate_is_dpm_like
P	test_soil_fractionation.py	test_every_rothc_rate_is_safe_at_the_frozen_timestep	ported	docstring	the_frozen_decomposer_rates_are_step_safe_and_the_litter_rate_is_dpm_like
P	test_soil_fractionation.py	test_the_cited_partition_gives_one_aggregate_rate_and_a_647x_gain	no-subject	§5al	-
P	test_soil_fractionation.py	test_the_aggregate_rate_is_NOT_constant_and_that_decay_is_the_payoff	no-subject	S6	-
P	test_soil_fractionation.py	test_cited_and_fitted_partitions_agree_BY_CONSTRUCTION_so_it_is_no_evidence	no-subject	S6	-
P	test_soil_fractionation.py	test_the_remaining_gap_after_fractionation_is_still_over_an_order	no-subject	S6	-
P	test_soil_fractionation.py	test_the_constant_inventory_sizing_starves_the_re_sow	no-subject	§5al	-
P	test_soil_fractionation.py	test_whether_the_constant_flux_sizing_still_rations	no-subject	§5al	-
P	test_soil_fractionation.py	test_a_seeded_slow_pool_only_ever_DRAINS	no-subject	§5al	-
P	test_soil_fractionation.py	test_the_frozen_consumer_chamber_carries_stem_only_CLEANLY	no-subject	§5al	-
P	test_soil_fractionation.py	test_whether_fractionation_still_MOVES_the_stem_only_failure	no-subject	S6	-
P	test_soil_fractionation.py	test_half_a_mol_higher_and_perennial_fails_the_liveness_floor	no-subject	S6	-
P	test_soil_fractionation.py	test_the_option_b_identity_is_EXACT_under_fractionation_without_the_seed	no-subject	S6	-
P	test_soil_fractionation.py	test_the_seed_artefact_becomes_PERMANENT_under_fractionation	no-subject	S6	-
P	test_soil_fractionation.py	test_peak_litter_n_names_a_DIFFERENT_EVENT_in_a_reset_driven_chamber	no-subject	S6	-
P	test_soil_fractionation.py	test_the_split_re_targets_the_litter_leg_without_re_scaling_it	no-subject	S6	-
P	test_soil_fractionation.py	test_the_open_field_builds_no_litter_pools_so_it_is_structurally_untouched	no-subject	S6	-
P	test_soil_fractionation.py	test_exactly_one_swept_sizing_clears_both_gates_on_both_scenarios	no-subject	S6	-
P	test_soil_fractionation.py	test_the_form_alone_is_benign_across_the_sealed_roster	no-subject	§5al	-
P	test_soil_fractionation.py	test_whether_the_one_pool_form_can_take_the_same_inventory	no-subject	§5al	-
P	test_soil_fractionation.py	test_whether_sizing_1s_attractor_still_sits_below_the_liveness_floor	no-subject	S6	-
P	test_soil_fractionation.py	test_fractionation_does_not_STARVE_the_loop_it_enlarges_BOTH_SIDES	no-subject	S6	-
P	test_soil_fractionation.py	test_the_shedding_fed_regime_takes_BOTH_sizings_and_the_better_trough_costs_the_plant	no-subject	S6	-
P	test_soil_fractionation.py	test_the_flux_sizing_fires_on_the_SAME_season_day_as_stem_only	no-subject	S6	-
P	test_soil_fractionation.py	test_the_consumer_chamber_is_NOT_what_refuses_the_seam	no-subject	§5al	-
P	test_decomposition.py	test_flux_is_first_order_in_litter	ported	docstring	every_decomposer_flux_is_first_order_in_its_own_donor_and_zero_at_an_empty_one
P	test_decomposition.py	test_flux_is_zero_at_zero_litter	ported	docstring	every_decomposer_flux_is_first_order_in_its_own_donor_and_zero_at_an_empty_one
P	test_decomposition.py	test_decomposition_PARTITIONS_the_decayed_litter_into_co2_and_microbes	ported	docstring	the_three_humified_flows_each_send_their_own_cited_share_to_co2
P	test_decomposition.py	test_decomposition_balances_carbon_AND_oxygen	engine	§5al	-
P	test_decomposition.py	test_a_zero_respired_fraction_reproduces_the_pre_split_transfer	no-subject	§5al	-
P	test_decomposition.py	test_loader_reads_the_cited_partition	owned	§5al	every_value_matches_the_generated_table
P	test_decomposition.py	test_decomposition_is_dt_linear	ported	docstring	every_soil_leg_is_bit_exactly_linear_in_dt
P	test_decomposition.py	test_decomposition_self_limits_at_zero_litter	ported	docstring	every_decomposer_flux_is_first_order_in_its_own_donor_and_zero_at_an_empty_one
P	test_decomposition.py	test_loader_reads_committed_rate	owned	§5al	every_value_matches_the_generated_table
P	test_decomposition.py	test_loader_rejects_negative_rate	ported	docstring	a_negative_decomposer_rate_is_rejected_and_a_zero_one_loads,a_negative_water_cycle_rate_is_rejected_but_a_zero_one_is_legal
P	test_decomposition.py	test_loader_rejects_bad_unit	ported	docstring	a_wrong_decomposer_unit_is_rejected,a_wrong_water_cycle_unit_is_rejected
P	test_decomposition.py	test_sealed_litter_accumulates_then_drains	ported	docstring	the_sealed_soil_cascade_fills_and_drains_all_six_of_its_pools
P	test_decomposition.py	test_sealed_microbial_is_fed_and_respired	ported	docstring	the_sealed_soil_cascade_fills_and_drains_all_six_of_its_pools
P	test_decomposition.py	test_sealed_conserves_carbon_exactly	engine	§5al	-
P	test_decomposition.py	test_sealed_conserves_oxygen_through_microbial_respiration	engine	§5al	-
P	test_decomposition.py	test_sealed_never_rations	owned	§5al	sealed_chamber_runs_well_fed
P	test_decomposition.py	test_sealed_no_extinction	owned	§5al	sealed_chamber_runs_well_fed
P	test_decomposition.py	test_open_field_has_no_decomposer_stocks	ported	docstring	only_a_sealed_chamber_builds_soil_pools_and_its_organic_carbon_roster_is_these_eight
P	test_decomposition.py	test_every_organic_carbon_pool_is_named_by_the_summary_tuples	ported	docstring	only_a_sealed_chamber_builds_soil_pools_and_its_organic_carbon_roster_is_these_eight
P	test_microbial_respiration.py	test_flux_is_first_order_in_microbial	ported	docstring	every_decomposer_flux_is_first_order_in_its_own_donor_and_zero_at_an_empty_one
P	test_microbial_respiration.py	test_flux_is_zero_at_zero_microbial	ported	docstring	every_decomposer_flux_is_first_order_in_its_own_donor_and_zero_at_an_empty_one
P	test_microbial_respiration.py	test_respiration_burns_microbial_to_co2_consuming_o2	ported	docstring	the_three_humified_flows_each_send_their_own_cited_share_to_co2
P	test_microbial_respiration.py	test_es_of_one_reproduces_the_pre_split_respiration	no-subject	§5al	-
P	test_microbial_respiration.py	test_loader_reads_the_cited_stabilization_efficiency	owned	§5al	every_value_matches_the_generated_table
P	test_microbial_respiration.py	test_respiration_balances_carbon_and_oxygen	engine	§5al	-
P	test_microbial_respiration.py	test_respiration_is_dt_linear	ported	docstring	every_soil_leg_is_bit_exactly_linear_in_dt
P	test_microbial_respiration.py	test_respiration_self_limits_at_zero_microbial	ported	docstring	every_decomposer_flux_is_first_order_in_its_own_donor_and_zero_at_an_empty_one
P	test_microbial_respiration.py	test_loader_reads_committed_rate	owned	§5al	every_value_matches_the_generated_table
P	test_microbial_respiration.py	test_loader_rejects_negative_rate	ported	docstring	a_negative_decomposer_rate_is_rejected_and_a_zero_one_loads,a_negative_water_cycle_rate_is_rejected_but_a_zero_one_is_legal
P	test_microbial_respiration.py	test_loader_rejects_bad_unit	ported	docstring	a_wrong_decomposer_unit_is_rejected,a_wrong_water_cycle_unit_is_rejected
P	test_microbial_respiration.py	test_sealed_microbial_respiration_is_active	ported	docstring	the_sealed_soil_cascade_fills_and_drains_all_six_of_its_pools
P	test_microbial_respiration.py	test_sealed_conserves_carbon_exactly	engine	§5al	-
P	test_microbial_respiration.py	test_sealed_conserves_oxygen_exactly	engine	§5ae	-
P	test_microbial_respiration.py	test_sealed_never_rations_with_microbial_o2_draw	owned	§5al	sealed_chamber_runs_well_fed
P	test_microbial_respiration.py	test_sealed_no_extinction	owned	§5al	sealed_chamber_runs_well_fed
P	test_microbial_respiration.py	test_sealed_o2_stays_far_from_rationing	no-subject	§5al	-
P	test_senescence_form.py	test_the_exercise_table_reproduces_the_loss_pattern_it_states	no-subject	§5ak	-
P	test_senescence_form.py	test_the_two_source_tables_disagree_by_an_order_but_agree_on_the_form	ported	docstring	rdr_root_is_the_closest_of_the_three_frozen_rates_to_its_cited_source
P	test_senescence_form.py	test_rdr_root_is_the_closest_of_the_three_to_its_source	ported	docstring	rdr_root_is_the_closest_of_the_three_frozen_rates_to_its_cited_source
P	test_senescence_form.py	test_frozen_open_season_canopy_is_physical	owned	§5ak	open_season_canopy_is_physical
P	test_senescence_form.py	test_the_primarys_form_takes_the_canopy_unphysical_on_either_table	no-subject	S6	-
P	test_senescence_form.py	test_frozen_form_is_nearer_the_primarys_stated_outcome_than_its_table	no-subject	S6	-
P	test_senescence_form.py	test_the_n_leg_is_actually_swapped_and_it_is_SEALED_ONLY	no-subject	S6	-
P	test_senescence_form.py	test_the_dvs_form_crosses_the_greenwood_tripwire_and_f_n_NO_LONGER_bites	no-subject	S6	-
P	test_senescence_form.py	test_the_exercise_table_would_have_reported_no_tripwire	no-subject	S6	-
P	test_senescence_form.py	test_euler_reports_no_rationing_and_that_is_the_trap	no-subject	S6	-
P	test_senescence_form.py	test_whether_rk4_still_hard_errors_on_perennial_under_the_dvs_form	no-subject	S6	-
P	test_senescence_form.py	test_the_exercise_table_NO_LONGER_breaks_the_re_sow	no-subject	§5ak	-
P	test_senescence_form.py	test_the_area_rule_transfers_because_lai_is_LINEAR_in_leaf_carbon	ported	docstring	leaf_area_index_is_linear_in_leaf_carbon_which_is_what_licenses_the_area_rule
P	test_senescence_form.py	test_the_regulator_brings_the_primarys_form_back_into_the_realistic_band	no-subject	S6	-
P	test_senescence_form.py	test_the_regulator_is_BIT_IDENTICALLY_inert_on_the_frozen_form	no-subject	S6	-
P	test_senescence_form.py	test_the_vks_mutual_shading_regime_is_MODELLED_not_merely_avoided	owned	§5ak	the_vks_mutual_shading_regime_is_modelled_not_merely_avoided
P	test_senescence_form.py	test_how_close_the_open_season_lai_margin_is_to_the_threshold	open	§5ak	-
P	test_senescence_form.py	test_the_regulator_is_DISJOINT_from_cs_blocker_on_perennial_under_rk4	no-subject	S6	-
P	test_senescence_form.py	test_the_greenwood_tripwire_fires_WITHOUT_f_n_biting_ON_EITHER_FORM	no-subject	S6	-
P	test_senescence_form.py	test_the_frozen_concentration_margin_is_wider_than_the_frozen_mass_margin	open	§5ak	-
P	test_senescence_form.py	test_the_stem_swap_is_real_and_the_N_LEG_IS_SEALED_ONLY	no-subject	S6	-
P	test_senescence_form.py	test_zeroing_stem_death_GROWS_the_plant_and_our_own_file_predicted_SHRINKS	no-subject	S6	-
P	test_senescence_form.py	test_the_stem_grows_and_the_OTHER_THREE_organs_NO_LONGER_take_ONE_haircut	no-subject	S6	-
P	test_senescence_form.py	test_stem_only_NOW_CROSSES_the_greenwood_margin	no-subject	S6	-
P	test_senescence_form.py	test_the_FROZEN_open_season_margin_to_greenwood_is_now_THIN	open	§5ak	-
P	test_senescence_form.py	test_the_two_tripwires_move_in_OPPOSITE_directions	no-subject	§5ak	-
P	test_senescence_form.py	test_stem_only_NO_LONGER_rations_the_perennial_chamber_UNDER_EULER	no-subject	S6	-
P	test_senescence_form.py	test_stem_only_NO_LONGER_collapses_the_decade_co2_attractor_below_its_floor	no-subject	S6	-
P	test_senescence_form.py	test_RK4_survives_stem_only_which_INVERTS_the_pattern_C_established	no-subject	S6	-
P	test_senescence_form.py	test_the_sealed_carbon_inventory_is_CONSERVED_and_the_stem_is_where_it_went	no-subject	S6	-
P	test_senescence_form.py	test_the_two_floors_this_section_asserts_against_come_FROM_the_manifest	no-subject	S6	-
P	test_senescence_form.py	test_the_ONE_REMAINING_stem_only_guard_is_not_a_horizon_question	no-subject	S6	-
P	test_senescence_form.py	test_the_stem_only_refusal_at_FIFTY_years_with_its_control	no-subject	§5ak	-
A	science.rs	soil_n_below_the_residual_shuts_uptake_off_entirely	outside-the-20	test_n_limited,test_n_limited_is_pure_dilution,tests/test_n_limited.py
A	science.rs	ci_from_a_finite_pool_is_the_mole_fraction_times_the_ci_ratio	no-ancestor-named	-
A	science.rs	oxygen_limitation_is_michaelis_and_half_saturates_at_k	no-ancestor-named	-
A	science.rs	a_negative_oxygen_amount_clamps_to_zero_rather_than_reversing_the_sign	no-ancestor-named	-
A	science.rs	resow_water_return_is_the_abandoned_fraction_and_its_degenerate_limbs_are_safe	no-ancestor-named	-
A	science.rs	the_stress_factor_reads_a_concentration_and_not_an_amount	no-ancestor-named	-
A	flows.rs	the_sealed_context_reads_ci_from_the_pool_and_not_the_forcing	outside-the-20	test_chamber
A	flows.rs	the_sealed_burn_is_throttled_by_f_o2_in_the_michaelis_ratio	outside-the-20	test_gas_exchange
A	flows.rs	the_sealed_burn_is_split_in_proportion_to_organ_carbon	no-ancestor-named	-
A	flows.rs	the_reserve_formation_diverts_the_stem_share_and_moves_no_other_leg	outside-the-20	test_stem_reserves,tests/test_stem_reserves.py
A	flows.rs	greenwoods_mass_excludes_the_fibrous_roots_that_the_deficit_is_applied_to	no-ancestor-named	-
A	flows.rs	the_senescence_canopy_is_measured_per_ground_area	no-ancestor-named	-
A	flows.rs	the_partition_complement_is_computed_by_subtraction_and_that_is_measurable	no-ancestor-named	-
A	params.rs	the_partition_table_is_block_style_because_flow_style_is_rejected	no-ancestor-named	-
A	params.rs	the_census_matches_the_directory_on_disk	no-ancestor-named	-
A	params.rs	a_recursive_walk_reddens_the_census	no-ancestor-named	-
A	params.rs	the_recursive_walk_would_see_four_more_and_the_census_does_not	no-ancestor-named	-
A	params.rs	no_frozen_param_file_carries_an_exotic_line_separator	no-ancestor-named	-
A	params.rs	each_humification_share_is_rejected_outside_the_closed_unit_interval	no-ancestor-named	-
A	system.rs	drainage_relieves_an_overfilled_zone_and_only_an_overfilled_one	no-ancestor-named	-
A	system.rs	the_clamp_and_the_resow_return_hold_on_an_emptying_store	no-ancestor-named	-
A	system.rs	open_season_runs_well_fed_and_conserved	no-ancestor-named	-
A	system.rs	perennial_chamber_resows_and_stays_closed	no-ancestor-named	-
A	system.rs	annual_reset_rejects_an_empty_seed_bank	no-ancestor-named	-
A	weather.rs	facts_parse_305_rows	outside-the-20	tests/test_weather.py
A	weather.rs	the_rows_arrive_as_consecutive_calendar_days_in_source_order	outside-the-20	tests/test_weather.py
A	weather.rs	a_malformed_fixture_is_an_error_rather_than_a_partial_season	outside-the-20	tests/test_weather.py
A	weather.rs	equator_daylength_is_12h	outside-the-20	tests/test_weather.py
A	science_gates.rs	every_gate_declares_one_of_the_two_fields	outside-the-20	tests/test_co2_compensation_band.py,tests/test_decade_stability.py,tests/test_freeze_manifest.py
A	science_gates.rs	every_gate_records_the_claim_not_just_a_test_id	outside-the-20	tests/test_co2_compensation_band.py,tests/test_decade_stability.py,tests/test_freeze_manifest.py
A	science_gates.rs	loci_are_unique	outside-the-20	tests/test_co2_compensation_band.py,tests/test_decade_stability.py,tests/test_freeze_manifest.py
A	science_gates.rs	the_bound_literals_appear_at_their_locus	outside-the-20	tests/test_co2_compensation_band.py,tests/test_decade_stability.py,tests/test_freeze_manifest.py
A	science_gates.rs	the_literal_scanner_matches_the_pythons_regex_on_every_shape_it_meets	outside-the-20	tests/test_co2_compensation_band.py,tests/test_decade_stability.py,tests/test_freeze_manifest.py
A	science_gates.rs	code_only_keeps_the_assertions_and_drops_every_record	outside-the-20	tests/test_co2_compensation_band.py,tests/test_decade_stability.py,tests/test_freeze_manifest.py
A	science_gates.rs	code_only_refuses_a_raw_string	outside-the-20	tests/test_co2_compensation_band.py,tests/test_decade_stability.py,tests/test_freeze_manifest.py
A	science_gates.rs	a_word_ending_in_r_before_a_quote_is_not_a_raw_string	outside-the-20	tests/test_co2_compensation_band.py,tests/test_decade_stability.py,tests/test_freeze_manifest.py
A	science_gates.rs	the_floor_is_where_the_frozen_params_put_it	outside-the-20	tests/test_co2_compensation_band.py,tests/test_decade_stability.py,tests/test_freeze_manifest.py
A	science_gates.rs	the_shipped_floor_is_the_conservative_one_against_the_cited_route	outside-the-20	tests/test_co2_compensation_band.py,tests/test_decade_stability.py,tests/test_freeze_manifest.py
A	science_gates.rs	sealed_chamber_stays_above_the_compensation_point	outside-the-20	tests/test_co2_compensation_band.py,tests/test_decade_stability.py,tests/test_freeze_manifest.py
A	science_gates.rs	perennial_chamber_stays_above_the_compensation_point	outside-the-20	tests/test_co2_compensation_band.py,tests/test_decade_stability.py,tests/test_freeze_manifest.py
A	science_gates.rs	consumer_chamber_stays_above_the_compensation_point	outside-the-20	tests/test_co2_compensation_band.py,tests/test_decade_stability.py,tests/test_freeze_manifest.py
A	science_gates.rs	perennial_decade_leaf_cycle_is_stationary_and_alive	outside-the-20	tests/test_co2_compensation_band.py,tests/test_decade_stability.py,tests/test_freeze_manifest.py
A	science_gates.rs	consumer_decade_leaf_cycle_is_stationary_and_alive	outside-the-20	tests/test_co2_compensation_band.py,tests/test_decade_stability.py,tests/test_freeze_manifest.py
A	science_gates.rs	perennial_leaf_cycle_is_a_fixed_point	outside-the-20	tests/test_co2_compensation_band.py,tests/test_decade_stability.py,tests/test_freeze_manifest.py
A	science_gates.rs	decade_consumer_biomass_is_stationary_and_alive	outside-the-20	tests/test_co2_compensation_band.py,tests/test_decade_stability.py,tests/test_freeze_manifest.py
A	science_gates.rs	decade_min_carbon_pool_stationary	outside-the-20	tests/test_co2_compensation_band.py,tests/test_decade_stability.py,tests/test_freeze_manifest.py
A	light_path.rs	the_day_dose_is_conserved_at_every_step_size	outside-the-20	tests/test_light_path.py
A	light_path.rs	a_window_in_the_dark_is_exactly_zero	outside-the-20	tests/test_light_path.py
A	light_path.rs	a_window_crossing_midnight_is_an_error_not_a_wrong_day	outside-the-20	tests/test_light_path.py
A	perturbations.rs	type_name_is_per_type_not_per_instance	outside-the-20	tests/test_perturbations.py
A	perturbations.rs	window_override_forces_inside_defers_outside	outside-the-20	tests/test_perturbations.py
A	perturbations.rs	with_forcing_swaps_one_var_preserves_the_rest	outside-the-20	tests/test_perturbations.py
A	perturbations.rs	leak_flow_is_first_order_gated_and_balanced	outside-the-20	tests/test_perturbations.py
